{
  "perguntas": [
    {
      "id": "1",
      "id_usuario": "1",
      "id_produto": "1",
      "pergunta": "Tem à pronta entrega?",
      "resposta": "Não temos.",
      "created_at": "2025-05-19T01:30:21.746Z",
      "respondida_at": "2025-05-20T01:30:21.746Z",
      "frequente": true
    },
    {
      "id": "2",
      "id_usuario": "1",
      "id_produto": "1",
      "pergunta": "Qual o prazo de envio?",
      "resposta": "",
      "created_at": "2025-05-19T01:32:00.000Z",
      "respondida_at": null,
      "frequente": true
    },
    {
      "id": "3",
      "id_usuario": "1",
      "id_produto": "1",
      "pergunta": "O produto é original?",
      "resposta": "",
      "created_at": "2025-05-19T01:33:00.000Z",
      "respondida_at": null,
      "frequente": true
    },
    {
      "id": "4",
      "id_usuario": "1",
      "id_produto": "1",
      "pergunta": "Aceita devolução?",
      "resposta": "",
      "created_at": "2025-05-19T01:34:00.000Z",
      "respondida_at": null,
      "frequente": true
    },
    {
      "id": "5",
      "id_usuario": "1",
      "id_produto": "1",
      "pergunta": "Você emite nota fiscal?",
      "resposta": "",
      "created_at": "2025-05-19T01:35:00.000Z",
      "respondida_at": null,
      "frequente": true
    }
  ]
}
